Nr,Amt,Bemerkungen
1,"Obersthofmeister",
2,"Oberster Hofküchenmeister",
5,"Mundschenk",
6,"Vorschneider",
7,"Truchsess",
9,"Öst. Obrister Hofkanzler",
10,"Oberster Hofkanzler",
11,"Hof Vizekanzler",
12,"geh. Sekretär u. Referendar der InÖ. Landen",
13,"geh. Sekretär u. Referendar der Ob- und VorderÖ. Landen",
14,"geh. Sekretär u. Referendar der NÖ. Landen",
15,"geh. Sekretär u. Referendar der OÖ. Landen",
16,"Reichserzkanzler",
17,"Reichshofvizekanzler",
18,"Reichshofratspräsident",
19,"Reichshofratsvizepräsident",
20,"Ung. Obrister geheimer Kanzler",
21,"Kön.-ung. Hofkanzler",
22,"Böhmischer obrister Kanzler",
23,"deutscher Vizekanzler der bö. Hofkanzlei",
24,"Hofkriegsratspräsident",
25,"Hofkriegsratsvizepräsident",
26,"Hofkammerpräsident",
27,"Hofkammervizepräsident",
28,"Hofprediger",
29,"Zeremoniarius, Almosenier",
30,"Hofkaplan",
31,"Kapelldiener",
32,"Custos",
33,"Hofsekretär",
36,"Hofjuwelier",
37,"Lichtkämmerer",
38,"Hofeinkäufer",
39,"Hofkellermeister",
40,"Sommelier",
41,"Hofausspeiskellermeister",
42,"Hofküchenschreiber",
43,"Zehrgadner",
44,"Zuschroder",
45,"Silberdiener",
46,"Tapezier",
47,"Tapezier Gehilfe",
48,"Geheimer Ratstürhüter",
49,"Mundkoch",
50,"Hofmedicus",
51,"Hofapotheker",
52,"Hofchirurg",
53,"Bibliothekar",
56,"Reichsherold",
61,"Hoftänzer",
62,"Hof- und Kabinettkurier",
63,"Kapellmeister",
64,"Vizekapellmeister",
65,"Komponist",
66,"Sängerin",
67,"Konzertmeister",
68,"Sopranist",
69,"Altist",
70,"Tenorist",
71,"Bassist",
72,"Organist",
73,"Violinist",
74,"Gambist",
75,"Violoncellist",
76,"Violonist",
77,"Cornettist",
78,"Posaunist",
79,"Fagottist",
80,"Oboist",
81,"Musikalischer Trompeter",
82,"Musiker Jubilatus",
83,"Musiker Pensionist",
84,"Arcieren Hauptmann",
86,"Arcieren Oberfourier",
87,"Arcieren Unterfourier",
92,"Arcieren Barbierer",
95,"Trabanten Hauptmann",
97,"Silbertraxler",
103,"Oberstkämmerer",
104,"Beichtvater",
105,"Leibmedicus",
106,"Protomedicus",
107,"Kabinettsekretär",
108,"Kammerzahlmeister",
109,"Schatzmeister",
110,"Kammerzahn- und Mundarzt",
112,"Antikammertürhüter",
113,"Garderobe",
115,"Theatralingenieur",
118,"Leibapotheker",
119,"Leibchirurg",
122,"Galerie- und Kunstkammer Inspektor",
127,"Schlosshauptmann in Laxenburg",
128,"Schlosshauptmann in Ebersdorf",
129,"Schlosshauptmann in der Favorita",
130,"Schlosshauptmann in Schönbrunn",
133,"Torwart zu Schönbrunn",
134,"Obersthofmarschall",
135,"Assessor",
136,"Registrator",
137,"Expeditor",
138,"Theatralinspektor",
139,"Amtstrabant",
140,"Oberster Hofquartiermeister",
141,"Hoffourier",
142,"Einspannier",
143,"Hofprofos",
146,"Oberststallmeister",
147,"Edelknaben Hofmeister",
148,"Edelknaben Präzeptor",
149,"Edelknabe",
151,"Edelknaben Tafeldecker",
152,"Edelknaben Meisterkoch",
153,"Hoffuttermeister",
154,"Jägerei Konzipist",
155,"Hoffutteramtskassier",
156,"Hoffutterschreiber",
157,"Oberbereiter",
158,"Unterbereiter",
159,"Übergeher im Spanischen Stall",
160,"Pastin Bereiter",
163,"Ober Wagenmeister",
164,"Sattelkammerverwalter und Rüstmeister",
165,"Leibschiffmeister",
166,"Büchsenspanner",
167,"Sänftenmeister",
168,"Wagenmeister",
169,"Zeltschneider",
170,"Heumeister",
171,"Hof- und Feldtrompeter",
175,"Spanischer Hofstall Schmied",
176,"Klepperschmied",
177,"Wagenanstreicher",
181,"Leiblakai",
182,"Läufer",
183,"Sesseltrager",
184,"Heyduck",
195,"Oberster Hof- und Landjägermeister",
196,"Land Unterjägermeister",
198,"Jägerei Feldkaplan",
199,"Forstmeister in Ebersdorf",
200,"Forstmeister in Wolkersdorf",
201,"Forstmeister in Neustadt",
202,"Forstmeister in Baden",
203,"Forstmeister im Prater",
217,"Hofmohr",
224,"Falkenmeister",
226,"Reichshof und Erblanden General Erbpostmeister",
227,"Postverwalter",
228,"Postamtssekretär",
229,"Postamtsbuchhalter",
235,"Frauenzimmer Beichtvater",
236,"Guarde de Dames",
237,"Frauenzimmer Türhüter",
238,"Fräuleinhofmeisterin",
239,"Kammerfräulein",
240,"Hofdame",
241,"Kammerfrau",
242,"Kammerdienerin",
243,"Hebame",
244,"Einmacherin",
248,"Leibwäscherin",
249,"Mundköchin",
250,"Mundköchin Gehilfin",
254,"Frauenzimmer Kreserin",
255,"Krankenwärterin",
256,"Krankenwärterin Gehilfin",
258,"Kammerherr",
262,"Saaltürhüter",
264,"Leibschneider",
265,"Silberwäscher",
266,"Kellerdiener",
267,"Kellerbinder",
269,"Theatralmachinist",
270,"Geflügelmayr",
271,"Mundküchen Türhüter",
272,"Frauenzimmer Tafeldecker",
273,"Silberwäscherin",
274,"Obersthofmeisterin",
276,"Hoffischer",
278,"Kesselreiber",
279,"djh Instruktor",
281,"Kopist",
282,"Lautenist",
284,"Jägerhornist",
285,"Musikscholar",
286,"Instrumentdiener",
287,"Orgelmacher",
288,"Lautenmacher",
289,"Lautenmacher Adjunkt",
290,"Theatraltischler",
291,"Trabanten Oberfourier",
292,"Trabanten Unterfourier",
293,"Schatzmeister Adjunkt",
294,"Unterkammerfourier",
295,"Kammerheizer",
296,"Beinstecher",
297,"Spiegelmacher",
298,"Pastin Bereiter Scholar",
300,"Kammerdiener",
301,"Kammertürhüter",
302,"Kammertrabant",
303,"Kammergoldarbeiter",
304,"Kammerherr und Hofkavalier",
306,"Hofbuchhalter",
308,"Kellerschreiber",
311,"Trabanten Fourier",
312,"Edelknabendiener",
314,"djh Kammerfrau",
315,"djh Kammerdienerin",
318,"Trombonist",
321,"Geschirrmeister und Haberspitzer",
322,"djh Kammerweib",
323,"Untersilberkämmerer",
325,"Houschier",
326,"Oberhofkaplan",
327,"Capellclericus",
329,"Kämmerer Tafeldecker",
330,"Musikanten Tafeldecker",
331,"Oberbauinspektor",
332,"Historiker",
333,"Garteningenieur",
334,"Opticus",
335,"Poet",
336,"Math. Instrumentmacher",
337,"Hörpauker",
338,"Instrumentdiener Adjunkt",
339,"Edelgesteinschneider",
341,"Antiquitäten- und Med. Inspektor",
343,"Wappen-, Siegel- und Steinschneider",
344,"Bankalitätszahlmeister",
345,"Bankalitätskassier",
346,"Pupillarraithandler",
347,"Protokollist",
348,"Kanzlist",
350,"Pauker",
353,"Kammerfrauen Tafeldecker",
354,"Aya",
355,"Sakristan",
358,"Hofpatres Tafeldecker",
361,"Edelknaben Tafeldecker Gehilfe",
362,"djh Kammerdiener",
363,"djh Kammerheizer",
364,"djh Türhüter",
367,"Kücheninspektor",
368,"Obertapezierer",
369,"Untertapezierer",
376,"Hofarchitekt",
377,"Hoftaschner",
378,"Edelgesteinbohrer",
379,"Hofbildhauer",
380,"Schnürmacher",
381,"Crepin- und KnöpfmacherIn",
382,"Zuckerbäcker",
383,"Cymbalist",
385,"Zeugkammerschreiber",
387,"Haberkastner",
388,"Hofschlosser",
389,"Forstmeister im Auhof",
391,"Rosenkranzpater",
392,"Leibbarbier",
393,"Hofbarbier",
394,"Hofschneider",
396,"Meisterkoch",
397,"Bratmeister",
398,"Zusetzer",
399,"Bachereykoch",
400,"Instrument Austeiler",
401,"Arcieren Fourier",
402,"Futterknecht",
403,"Heubinder",
404,"Leibnäherin",
405,"Mundwäscherin",
406,"Leibkreserin",
408,"Frauenzimmer Wäscherin",
409,"Leilachwäscherin",
410,"Tafelwäscherin",
411,"Krankenköchin",
412,"Edelknaben Meisterkoch Gehilfe",
415,"Oratoridiener",
416,"Maler- und Bildhauerakademie Direktor",
417,"Hofgoldschlager",
418,"Hofbräumeister",
419,"Hofsticker",
420,"Hofvergolder",
422,"Tiorbist",
423,"Balletgeiger",
424,"Konzertdispensator",
429,"Kammerballenmeister",
430,"Leibhutmacher",
437,"Hofreißjäger",
439,"Hof- und Burgpfarrer",
441,"Wassermacher",
442,"Theatralsticker",
447,"Extraweib",
448,"Kapelldiener Junge",
449,"Zwergin",
450,"djh Kammermensch",
451,"djh Silberdiener",
452,"djh Mundköchin",
453,"djh Beichtvater",
454,"Kammerarchitekt und Statuarius",
455,"Dissegnatore di Cammera",
458,"djh Sommelier",
461,"Zehrgaden Gehilfe",
462,"Lichtkämmerer Junge",
463,"Orgelmacher Adjunkt",
464,"Büchsenspanner Adjunkt",
465,"Stallübergeher",
467,"Hoffutteramts- und Stallinspektor",
468,"Geheimer Kammerlieferant",
469,"Hoffutteramtsoffizier",
470,"Hoffutteramtsgegenhandler",
471,"Wagenbildhauer",
472,"Hofgürtler",
473,"Schatzmeister Vize",
474,"Kammerzahlmeister Vize",
475,"Theatralzeichner",
477,"Hofbuchbinder",
479,"Sommelier Junge",
480,"djh Büchsenspanner",
481,"Zuckerbäcker Gehilfe",
482,"Burggraf",
485,"Arcieren Adjutant",
486,"Kammerzahlamtskassier",
487,"Kammerzahlamtsschreiber",
489,"Kammerheizer Junge",
490,"Silberdiener Junge",
491,"Zehrgaden Junge",
493,"Hofküchenschreiber Schreiber",
494,"Hofkellermeister Junge",
496,"Kapellwäscherin",
497,"Spezialkellermeister",
498,"Kellergegenschreiber",
499,"Oberzuckerbäcker",
502,"Tafelzeugdiener",
503,"Kämmerer Tafeldecker Gehilfe",
504,"interim. Hofapotheker",
505,"Portier in der Neuen Burg",
506,"Portier in der Stallburg",
507,"Hofhutmacher",
509,"Oberkammerfourier",
510,"interim. Leibapotheker",
512,"Oberster Hofquartiermeister Vize",
514,"Zweiter Obersthofmeister",
516,"Zimmerputzer und Mobilienwärterjunge Schönbrunn",
517,"Extra Kammerfrau",
519,"Frauenzimmer Extramensch",
520,"Hoflieferant",
521,"Livreeschneider",
523,"Geheimer Ratstürhüter Gehilfe",
529,"Schweizergarde Hauptmann",
530,"Schweizergarde Oberst",
533,"Schweizergarde Fähnrich",
535,"Generaldirektor der Schatzkammern und Galerien",
536,"Zahnchirurg",
537,"Mobilien Inspektor",
538,"Marqueur im Ballhaus",
539,"Amtssekretär",
540,"Offiziant",
541,"Edelknaben Instruktor",
542,"Feldoberbereiter",
543,"Haubenheftnerin",
544,"Friseur",
546,"djh Leibwäscherin",
547,"Raitoffizier",
549,"Hofzahlamtsoffizier",
552,"Hofzahlamtskassier",
553,"Hofzahlamtsschreiber",
555,"djh Mundköchin Gehilfin",
557,"Jagdchirurg",
558,"Hofdolmetsch für Englisch",
561,"Kammeransager",
562,"Burginspektor",
565,"djh Kammerheizer Junge",
566,"djh Kammerheizer Gehilfe",
567,"Kanzleidiener",
568,"Feldbereiter",
571,"Ayo",
572,"Vize Ayo",
574,"Orientalischer Kurier",
577,"Akzessist",
579,"Wäschekammermeister",
580,"Wäschekammermeister Gehilfe",
584,"Lichtkammerschreiber",
598,"Arcieren Auditor",
617,"Hoffuttermeister Adjunkt",
618,"Musiker",
623,"Amtsheizer",
624,"Spitzennäherin",
625,"Bereiterscholar",
626,"Büchsenspanner Junge",
627,"Campagne Sattler",
628,"Beichtvater Schreiber",
629,,
630,"Arcieren Vizeadjutant",
632,"Zuckerbäcker Oberaufseher",
637,"Hofpatres Tafeldecker Adjunkt",
638,"djh Leibschneider",
639,"Hofbuchhalter Schreiber",
640,"Silberwäscher Junge",
641,"djh Leibkreserin",
647,"Bankalitätskontrollor",
648,"Edelknaben Professor Adjunkt",
650,"Falknerei Amtssekretär Adjunkt",
651,"Garderobe Geselle",
652,"Kammerheizer Gehilfe",
654,"Offizier Tafeldecker",
655,"Frauenzimmer Tafeldecker Gehilfe",
656,"Kapellschneider",
657,"Hofküchenschreiber Junge",
658,"Edelknaben Portier",
660,"Hofeinkäufer Gehilfe",
661,"Lichtkammerträger",
664,"Nebenkoch",
665,"Anges. Obersthofmarschall",
666,"Kompassmacher",
667,"Leibschneider Gehilfe",
668,"Amtssekretär Adjunkt",
669,"Meisterkoch Gehilfe",
670,"Zuckerbäcker Junge",
672,"Beichtvater Socius",
673,"Frauenzimmer Beichtvater Socius",
674,"djh Büchsenspanner Junge",
675,"Abwaschjunge",
676,"djh Beichtvater Socius",
677,"Guarde de Damesin",
679,"djh Instruktor Socius",
680,"Kabinettsekretär Schreiber",
681,"Edelknaben Professor (Recht)",
682,"Edelknaben Professor (Math, Ing.)",
683,"Hoffutteramtsschreiber",
684,"Italienischer Kanzlist",
492,"Gold- und Perlensticker",
685,"djh Sommelier Junge",
686,"Kellergehilfe",
687,"Brunnenschöpfer",
689,"Raigerwärter zu Neustadt",
690,"Maler- u. Bildhauerak. Unterdirektor",
691,"Mit-Erster Obersthofmeister",
692,"Konzipist",
693,"Taxator",
694,"Mobilien Inspektor Adjunkt",
695,"Decken- und Matratzenmacher",
696,"Hofküchenwäscherin",
697,"Holzinspektor",
698,"Zweiter Kapellmeister",
699,"Oberst der Schlossgarde",
701,"Auditor der Schlossgarde",
702,"Oberlieutnant der Schlossgarde",
703,"Unterlieutnant der Schlossgarde",
704,"Hauptmann der LG zu Fuß",
705,"Capitaine Lieutnant der LG zu Fuß",
706,"Premier Lieutnant der LG zu Fuß",
707,"Premier Wachtmeister der LG zu Fuß",
708,"Auditor der LG zu Fuß",
709,"Wachtmeister der LG zu Fuß",
710,"Rechnungsführer der LG zu Fuß",
711,"Chirurg der LG zu Fuß",
712,"Naturalienkabinett Direktor",
713,"Hofmaler im Naturalienkabinett",
714,"Münzkabinett Direktor",
715,"Garde du Cabinet",
719,"Mechaniker oder Arbeiter im Kabinett",
720,"Schreiber im Münzkabinett",
721,"Hofmathematicus",
723,"Kammerfutteralmacher",
724,"Kammergoldschmied",
725,"Schlossinspektor in Hetzendorf",
726,"Kaplan in Hetzendorf",
727,"Benefiziat in Hetzendorf",
729,"Zimmerputzer in Hetzendorf",
730,"Schlossinspektor in St. Veit",
731,"Schlosshauptmann in Schlosshof",
732,"Schlosshauptmann zu Ofen",
733,"Schlosshauptmann zu Troya",
734,"Kaplan im Gartengebäude",
735,"Schlosshauptmann zu Hollitsch",
736,"Rechnungsofficiant",
737,"Pupillarraithandler Adjunkt",
738,"Hoffutterschreiber",
739,"Hoffutteramtsdiener",
740,"Oberbereiter der Camp. Reitschule",
741,,
742,"Witwen- und Waisenvertreter",
743,"Waldhornist",
744,"Hoffederschmucker",
746,"Ungarischer Schneider",
747,"Tafelaufwärter",
749,"Erster Leiblakai",
750,"Leiblakaien Ansager",
751,"Damendiener",
752,"Venerie Direktor",
753,"Oberpiqueur",
754,"Faischjäger",
755,"Hundsjäger",
756,"Erster Galerieadjunkt",
757,"Unterpiqueur",
758,"Tartoffel-Hundsjäger",
759,"Revierjäger",
760,"Oberpiqueur zu Penzing",
761,"Unterpiqueur zu Penzing",
762,"Hundsjäger zu Penzing",
763,"Venerie Bäcker",
764,"Venerie Wagenmeister",
765,"Adel. Arcieren Zweiter Capitaine L.",
766,"Präsident der Jägerei HK",
767,"Rat der Jägerei",
768,"Kabinettsminister",
769,"Adjutant",
770,"Raitrat im Hofbauamt",
771,"Jägerei Akzessist",
773,"Hofmüllner",
774,"Schlosshauptmann in Eckartsau",
775,"Kapelldiener in Hetzendorf",
776,"Edelknaben Fechtmeister Adjunkt",
778,"Kanzleidirektor",
780,"Spalier- und Teppichmacher",
781,"Hofmaler und Statuarius",
782,"Weininspektor",
784,"Zuckerbäcker Schreiber",
785,"Tafeldecker",
786,"Hofkoch",
791,"Hauptmann des MD",
801,"Kabinettskanzlist",
802,"Galeriedirektor",
804,"Direktor der modernen Münzen",
805,"Direktor der antiken Münzen",
806,"Zweiter Galerieadjunkt",
808,"Kabinettstischler",
809,"Waldhorn- und Trompetenmacher",
810,"Inspektor in der Augustinerbastei",
811,"Zimmerputzer in St. Veit",
812,"Hofparteienvertreter",
813,"Protokollist des Hofquartieramts",
814,"Bereiter",
815,"Hofschiffbaumeister",
816,"Klampferer",
818,"Second Lieutnant der LG zu Fuß",
819,"Kabinettskonzipist",
820,"Registrator Adjunkt",
821,"Kanzlei- und Amtstürhüter",
826,"Hofbauinspektor",
827,"Beisitzer der Hofbaukommission",
828,"Referent der Hofbaukommission",
836,"Eisen- und Zeugsverwalter",
838,"Kalkmesser",
839,"Hofbauholzbeschauer",
840,"Steinschreiber",
846,"Geheimer Sekretär",
848,"Naturalienkabinett Custos",
849,"Galerie Custos",
852,"Akzessist im Taxamt",
853,"Kanzleibote",
854,"Feldjäger",
856,"Ingrossist",
857,"Oberhofarchitekt",
858,"Unterhofarchitekt",
861,"Theatraldirectionsrevisor",
862,"Fourier der Schlossgarde",
863,"Forstmeister in Orth",
864,"Feldreißjäger",
865,"Hofbauassistent",
869,"Kammerzahlamtsdiener",
870,"Praktikant im Münzkabinett",
871,"Kabinettsdiener",
872,"Hausmeister in Laxenburg",
874,"Kanzlei- und Amtstürhüter Adjunkt",
875,"Hofapothekenprovisor in Schönbrunn",
879,"Erster Hauptmann der Schlossgarde",
882,"Kammerchirurg",
884,"Interimskontrollor im Taxamt",
885,"Pferdezähmer",
886,"Spezereienhändler",
887,"Wachshändler",
888,"HoföbstlerIn",
889,"Hoföhler",
890,"Wildprethändlerin",
891,"Adel. Arcieren Fourier",
907,"Jägerei Amtsschreiber",
908,"Jägerei Praktikant",
920,"Leibokulist",
922,"Protochirurg",
923,"Familiengüterraitoffizier",
925,"Hofuhrmacher",
926,"Kaplan in Schönbrunn",
927,"Gesandtschafts Zeremonienansager",
928,"Amtsdiener",
931,"Kammerlakai",
933,"Wirtschaftssekretär",
936,"Leibschiffmeister Gehilfe",
938,"Familiengüterkassier",
939,"Familiengüterbuchhalter",
940,"Hofküchenkasse Schreiber",
942,"Jägerei Oberamtskontrollor",
943,"Unterwaldmeister",
944,"Grundbuchshandler",
945,"Jägerei Registrator",
946,"Jägerei Kassier",
947,"Jägerei Rechnungskonfizient",
954,"Kammertischler",
955,"Kapellmeister Substitut",
956,"Klarinettist",
957,"Registraturdirektor",
958,"Kammerjungfrau",
959,"Jägerei Amtskanzlist",
960,"Familiengüterdirektor",
961,"Inspektor der Theatergebäude und des Redoutensaals",
964,"Mobilien Inspektoratsschreiber",
966,"Laterninspektor",
967,"Musikgraf",
968,"Wäschemeisterin",
969,"Wäschemeisterin Gehilfin",
971,"Trabanten Capitaine Lieutnant",
972,"Trabanten Oberlieutnant",
975,"Trabanten Kaplan",
976,"Trabanten Auditor",
977,"Trabanten Rechnungsführer",
978,"Trabanten Chirurg",
980,"Sekretär im Kabinett",
981,"Officiale im Kabinett",
982,"Kabinettsbote",
983,"Kabinettskanzleidiener",
985,"Audienztürhüter",
986,"Kammersilberarbeiter",
987,"Kammeruhrmacher",
988,"Wappen- und Petschierstecher",
991,"Hufschmied",
992,"Equipageninspektor",
993,"Hausknecht",
994,"Zimmerputzer",
995,"Jägerei Hauptrechnungsführer",
996,"Jägerei Hauptrechnungsführer Kontrollor",
997,"Jägerei Protokollist",
999,"Amtsdiener der Hofbaukasse",
1000,"Expeditor für die Familiengüter",
1001,"Registrator für die Familiengüter",
1005,"familiengüterkassenoffizier",
1006,"familiengüterbuchhalter vize",
1007,"Leibbereiter",
1009,"Büchsenspanner Gehilfe",
1010,"Kaplan in Laxenburg",
1011,"Hofsamenhändler",
1012,"Nagelschmiedmeister",
1013,"Hofküchenkasse Gegenhändler",
1014,"Zuckerbäckereimaler",
1015,"Adel. Arcieren Kassenverwalter",
1019,"Amtsschreiber im Grundbuchsamt",
1020,"Praktikant im Grundbuchsamt",
1021,"Waldübergeher im Grundbuchsamt",
1022,"Kanzleidiener im Grundbuchsamt",
1024,"Hofrauchfangkehrer",
1026,"Portier im Augarten",
1027,"Portier im Belvedere",
1029,"Familiengüterraitrat",
1030,"Inspektor im Holzverschleißamt",
1031,"Kontrollor im Holzverschleißamt",
1032,"Kammerwachsarbeiter",
1033,"Kammerkupferstecher",
1036,"Benefiziat im Belvedere",
1037,"Zimmerwärter im Augarten",
1041,"Oberststallmeister Vize",
1042,"Adel. Arcieren Gardefourier",
1043,"Adel. Arcieren Gardeprofos",
1044,"Adel. Arcieren Hausinspektor",
1048,"Hofmodeleur und Statuarius",
1049,"Vorsteher der Hofsängerknaben",
1050,"Musiker Substitut",
1052,"Major",
1053,"djh Schreibmeister",
1054,"Flügeladjutant",
1055,"Sekretär",
1057,"Stallmeister",
1060,"Kapelldiener Junge in Hetzendorf",
1061,"Kapelldiener Junge in Schönbrunn",
1062,"Kapelldiener Junge in Laxenburg",
1063,"Instrumentenmacher",
1064,"Oberster Hof- und Landjägermeister Vize",
1065,"Forstmeister in Laxenburg",
1066,"Empfänger im Holzverschleißamt",
1068,"Custos der Mineralien",
1069,"Custos im physischen Fach",
1071,"Hoffutteramtsakzessist",
1072,"Kammerbüchsenspanner",
1073,"Hofintendant",
1074,"Kassier",
1075,"Tafeldecker Gehilfe",
1076,"Kellermeister",
223,"Falknerei Amtssekretär",
1077,"Holzaufseher",
1078,"Wäscheaufseherin",
1079,"Portier",
1080,"Oberster Hofstäbelmeister Vize",
1082,"kontrollierender Bauaufseher in Laxenburg",
1083,"Palastdame",
1084,"Saalkammerdiener",
1085,"Offizial in der Kanzlei",
1086,"Amtsheizer im KZA",
1087,"Amtsdiener in der Hofbuchhalterei",
1088,"Hofmaler",
1089,"Statuarius",
1090,"Hofküchenkassendiener",
1091,"Tafelwäschemeisterin",
1092,"Tafelwäschemeisterin Gehilfin",
1093,"Hofleinenwäschemeisterin",
1095,"Adel. Arcieren Premier L.",
1096,"Adel. Arcieren Zweiter Premier L.",
1099,"Capitaine der Hofburgwache",
1100,"Fourier der Hofburgwache",
1101,"Hauptmann der Hofburgwache",
1102,"Oberlieutnant der Hofburgwache",
1103,"Unterlieutnant der Hofburgwache",
1104,"Forst- und Oberwaldmeister",
1105,"Landgerichtsdiener",
1106,"Hofgärtner",
1107,"Fasanjäger in Schönbrunn",
1108,"Hofuhrrichter",
1110,"Liquidator",
1112,"Familiengüterkassenkontrollor",
1113,"Konzipist für die Familiengüter",
1114,"Kabinettsbildhauer",
1115,"Kammersänger",
1116,"Hoffourier Ansager",
1118,"Ratsfrau",
1119,"Ratswitwe",
1120,"Kammerherrenfrau",
1121,"Kammerherrenwitwe",
1124,"Churschmied",
1125,"Sonntagsprediger",
1126,"Feiertagsprediger",
1127,"Pfarrvikar",
1130,"Bruckmeister",
1131,"Wasserbauübergeher",
1133,"Hofbrunnenmeister",
1134,"Hofmaurerpollier",
1135,"Hofbruckpollier",
1136,"Bruckmaterialienverwalter",
1137,"Hofzimmerpollier",
1139,"Hausmeister im alten Kameralhaus",
1140,"Statueninspektor",
1141,"Feuerinspektor Redoutensäle",
1142,"Hofgärtner Geselle",
1143,"Maschinist",
1144,"Reparationsschlosser",
1145,"Reparationsglaser",
1146,"Wassermaschinenpollier Schönbrunn",
1147,"Hofmaurermeister",
1148,"Hofsteinmetzmeister",
1150,"Portier im Salesianerhaus",
1153,"Reparationstischler",
1157,"Hofuntergärtner",
1159,"Pferdeknecht",
1160,"Gartenaufseher",
1162,"Maschinist Gehilfe",
1164,"Hofbrunnenpollier",
1166,"Feueraufseher",
1167,"Hofbindermeister",
1168,"Kaplan der Hofburgwache",
1169,"Auditor der Hofburgwache",
1170,"Rechnungsführer der Hofburgwache",
1171,"Forstamtsaktuar",
1172,"Zweite Aya",
1173,"Schatzmeister Gehilfe",
1174,"Schlossinspektor in Ofen",
1175,"Zweiter Obersthofmarschall",
1176,"Zimmerwärter im Kaisergarten",
1177,"Hofzimmerpollier Vize",
1178,"Titular Hofkaplan",
1179,"Holzinspektor in Schönbrunn",
222,"Oberster Falkenmeister",
1180,"interimistischer Musikdirektor",
1181,"Zweiter Obertapezier",
1183,"Kammermusiker",
1184,"Zweiter Rossarzt",
1185,"Hausknecht im KZA",
280,"Zehrgaden Gegenschreiber",
573,"Hofdolmetsch für Schwedisch",
619,"Kapellenbeneficiat",
93,"Campagne Schmied",
174,"HofriemerIn",
433,"LeibkürschnerIn",
582,"Edelknaben Tanzmeister",
495,"Galerie- und Kunstkammer Inspektor Adjunkt",
488,"Zehrgaden Schreiber",
421,"Konzertdispensator Adjunkt",
444,"Kammergoldarbeiter Adjunkt",
570,"Jägerei Chirurg",
525,"Revisorkassier",
435,"Schlosshauptmann in der Neustadt",
180,"Wagenschmied",
247,"Zimmerwärter in Ebersdorf",
659,"Oberster Hofküchenmeister Vize",
616,"Guarde de Damesin Gehilfin",
434,"Expeditor Adjunkt",
35,"Hofkontrollor",
215,"Revisoringrossist",
216,"Unterbereiter der Camp. Reitschule",
3,"Oberster Hofstäbelmeister",
162,"Sattelknecht",
483,"Zimmerwärter in der Burg",
161,"Sattelknecht Adjunkt",
4,"Oberster Silberkämmerer",
54,"Hofdolmetsch für Polnisch u. Russisch",
55,"Hof- und Lustgebäudeinspektor",
120,"Perückenmacher",
851,"Kontrollierender Kanzlist im Taxamt",
593,"Adel. Arcieren Adjutant",
251,"Küchenmensch",
253,"Küchenträger",
476,"Klostergebäude Portier",
299,"Garderobe Gehilfe",
365,"Perückenmacher Adjunkt",
317,"Kontraaltist",
319,"Partausteiler",
556,"Hofgärten-und Früchteinspektor",
427,"Kammerbarometermacher",
460,"Kammerbildhauer",
111,"Kammerfourier",
117,"Edelknaben Sprachmeister",
426,"Kammeruhrmacher",
356,"Kammerjuwelier",
868,"Praktikant der Familiengüterbuchhalterei",
428,"Kammermedaillier",
246,"Kammernäherin",
245,"Kammermensch",
431,"Kammerschlosser",
432,"Kammerstickerin",
518,"Kammerweib",
622,"Kammerzahlamtsoffizier",
500,"Zuckerbäcker, Erster",
578,"Jagdschmied",
591,"Adel. Arcieren Auditor",
515,"Schlossinspektor in Schönbrunn",
501,"Zimmerwärter Adjunkt in der Burg",
484,"Zimmerwärter in der Stallburg",
662,"Hofkontrollor Tafeldecker",
663,"Hofkontrollor Tafeldecker Gehilfe",
366,"Vizehofkontrollor",
633,"Hofkontrollor Akzessist",
395,"Hofkontrollor Amtschreiber",
563,"Schlosshauptmann in Hetzendorf",
564,"Schlosshauptmann im Belvedere",
457,"Hofzahlmeister",
594,"Adel. Arcieren Chirurg",
585,"Adel. Arcieren Hauptmann",
596,"Adel. Arcieren Kaplan",
588,"Adel. Arcieren Premier Wachtm.",
592,"Adel. Arcieren Rechnungsführer",
589,"Adel. Arcieren Second Wachtm.",
550,"Hofkontrollor Amtsdiener",
554,"Hofkontrollor Amtsgegenschreiber",
478,"Hofkontrollor Schreiber",
60,"Tanzmeister",
508,"Anges. Oberstkämmerer",
559,"djh Tanzmeister",
309,"Mund- und Hofbäcker",
645,"Zimmerwärter im Belvedere",
643,"Zimmerwärter in der Augustinerbastei",
407,"Zimmerwärter in der Favorita",
642,"Zimmerwärter in Hetzendorf",
89,"Zimmerwärter in Laxenburg",
646,"Zimmerwärter am Rennweg",
576,"Zimmerwärter in Schönbrunn",
649,"Zimmerwärter Adjunkt in Schönbrunn",
644,"Zimmerwärter in St. Veit",
124,"Hofzahlamtskontrollor",
58,"Böhmischer Herold",
59,"Österreichischer Herold",
57,"Ungarischer Herold",
610,"djh Sprachmeister",
522,"djh Historienmeister",
310,"Edelknaben Fechtmeister",
528,"Arcieren Unter L.",
144,"Hofprofos Lieutenant",
534,"Schweizergarde Ober L.",
532,"Schweizergarde Unter L.",
937,"Zahlmeister der Avitical-, Familien und großherz. Kassen",
342,"KristallschneiderIn",
1154,"Kassier der Avitical-, Familien und großherz. Kassen",
386,"Zureiter der jungen Pferde",
678,"Theatralnäherin, Federschmückerin",
150,"Edelknaben Professor (allg.)",
283,"djh Musikmeister",
935,"Sekretär für die Familiengüter in Hollitsch u. Sassin",
586,"Adel. Arcieren Capitaine L.",
595,"Adel. Arcieren Ober L.",
587,"Adel. Arcieren Unter L.",
85,"Arcieren Lieutenant",
214,"Arcieren Ober L.",
96,"Frauenzimmer Türhüter Gehilfe",
569,"Camp. Reitschulenscholar",
438,"Raigerwärter zu Laxenburg",
772,"Kaplan der LG zu Fuß",
850,"Kontrollor im Taxamt",
688,"Kapellwäscherin Adjunktin",
700,"Zweiter Hauptmann der Schlossgarde",
614,"Amtsverweser des Obersthofmarschalls",
855,"Spalier- und Teppichmacher Hausknecht",
876,"Galerie Zeichner",
197,"Jägerei Amtssekretär",
949,"Kammerzahlamtssekretär",
948,"Mobilien Magazinverwalter",
979,"Jägerei Kanzleidiener",
859,"Sekretär für die Familiengüter",
973,"Trabanten Premier Wachtmeister",
527,"Bibliotheksadjunkt",
459,"Bibliotheksbuchbinder",
526,"Hofküchenkassier",
906,"Jägerei Kassenkontrollor und Rechnungsführer",
1018,"Kontrollor im Grundbuchsamt",
1028,"KZA Hauptkassenkontrollor",
932,"Generaladjutant",
873,"Kapelldiener in Schönbrunn",
1059,"Protokollist für die Familiengüter",
728,"Kapelldiener in der Xaverikapelle",
671,"Anges. Zweiter Obersthofmeister",
974,"Trabanten Wachtmeister (Second-)",
962,"Kassenoffizier der kais. Privatkasse",
914,"Amtsdiener der kais. Privatkasse",
835,"Hofbauholzverwalter",
953,"Hofbauholzschreiber",
1129,"Hofbauaufseher",
998,"Kassier der kais. Privatkasse",
717,"Direktor des physikalischen Kabinetts",
718,"Inspektor des physikalischen Kabinetts",
1094,"Hofküchenwäscher",
320,"Hausknecht in der Familiengüterdir.",
950,"Hofarchitekt Adjunkt",
1016,"Oberjäger im Laxenburger Leibgehäge",
371,"Bibliothekscustos",
575,"Hofglaser",
1047,"Hofbaumaterialienaufseher",
373,"Bibliotheksdiener",
918,"Hofbaumaterialienschreiber",
837,"Hofbaumaterialienverwalter",
1081,"Hofbauschreiber in Laxenburg",
913,"Hofbauübergeher",
860,"Kapelldiener Junge in der Hofburgpfarre",
1067,"Direktor des verein. Phys. Kabinetts",
121,"KammermalerIn",
777,"Anges. Obersthofmeister",
634,"Hofwirtschaftsrat u. Rechn. Revisor",
779,"Bibliotheksdirektor",
360,"Musikdirektor (Musikgraf)",
370,"Bibliothekspräfekt",
1034,"Hofgärtner in Laxenburg",
132,"Hofgärtner zu Schönbrunn",
1017,"Hofgärtner im Prater",
748,"Sporer",
513,"SchwertfegerIn",
1155,"Menageriedirektor in Schönbrunn",
1156,"Menageriegehilfe in Schönbrunn",
349,"Erster Rossarzt",
372,"Bibliotheksschreiber",
722,"KristallschneiderIn Adjunkt",
847,"Oberstkämmerer Amtskanzlist",
803,"Oberstkämmerer Amtssekretär",
904,"Gal. Garde Adjutant",
898,"Gal. Garde Auditor",
892,"Gal. Garde Capitaine",
893,"Gal. Garde Capitaine L.",
900,"Gal. Garde Chirurg",
1003,"Gal. Garde deutscher Sprachm.",
1002,"Gal. Garde Fechtmeister",
716,"Adjunkt im Münzkabinett",
1045,"Gal. Garde Fourier",
902,"Gal. Garde französ. Lehrer",
1046,"Gal. Garde Profos",
901,"Gal. Garde Ingenieur",
941,"Gal. Garde italien. Lehrer",
897,"Gal. Garde Kaplan",
899,"Gal. Garde Medicus",
894,"Gal. Garde Oberlieutnant",
895,"Gal. Garde Premier Wachtm.",
1004,"Gal. Garde Professor",
905,"Gal. Garde Rechnungsführer",
896,"Gal. Garde Secondwachtm.",
903,"Gal. Garde Tanzmeister",
924,"Custos im Münzkabinett",
1123,"Praktikant KZA u. Familiengüter",
990,"Offiziant im Obersthofmarschallamt",
783,"Oberzuckerbäcker Adjunkt",
1040,"Amtsdiener Adjunkt",
1038,"Amtstrabant Adjunkt",
1070,"Direktor des verein. Phys. Kabinetts Adjunkt",
929,"Haberkastner Adjunkt",
930,"Heumeister Adjunkt",
881,"Hofbauholzverwalter Adjunkt",
919,"Hofbauübergeher Adjunkt",
1152,"Hofgärtner Adjunkt",
934,"Hofküchenschreiber Adjunkt",
1151,"Hofmaurerpollier Adjunkt",
1025,"Hofrauchfangkehrer Adjunkt",
1109,"Hofuhrrichter Adjunkt",
965,"Hofwirtschaftsrat u. Rechn. Revisor Adjunkt",
581,"Jägerei Amtssekretär Adjunkt",
880,"Kalkmesser Adjunkt",
1111,"Liquidator Adjunkt",
1051,"Marqueur im Ballhaus Adjunkt",
963,"Mobilien Magazinverwalter Adjunkt",
984,"Naturalienkabinett Custos Adjunkt",
883,"Naturalienkabinett Direktor Adjunkt",
1058,"Portier im Augarten Adjunkt",
1039,"Protokollist des Hofquartieramts Adjunkt",
1008,"Wagenmeister Adjunkt",
328,"Wappen-, Siegel- und Steinschneider Adjunkt",
1117,"Witwen- und Waisenvertreter Adjunkt",
1035,"Zimmerwärter Adjunkt in Hetzendorf",
1056,"Zimmerwärter Adjunkt in Laxenburg",
844,"Akzessist im Hofbauamt",
845,"Amtsdiener im Hofbauamt",
909,"Assessor im Hofbauamt",
912,"Bote im Hofbauamt",
824,"Direktor im Hofbauamt",
833,"Erster Amtsschreiber im Hofbauamt",
915,"Expeditor im Hofbauamt",
866,"Gegenhandler im Hofbauamt",
1138,"Hausmeister im Hofbauamt",
1132,"Kanzleigehilfe im Hofbauamt in Schönbrunn",
911,"Ingenieur im Hofbauamt",
1165,"Kanzleigehilfe im Hofbauamt",
615,"Kanzleidirektor des Obersthofmarschallamts",
910,"Kanzleidirektor der Hofbaukommission",
917,"Kanzlist im Hofbauamt",
1128,"Kassenverwalter im Hofbauamt",
798,"Kaplan des MD",
1122,"ErzieherIn",
831,"Kassier im Hofbauamt",
951,"Kontrollierender Amts- und Kassenoffizier im Hofbauamt",
1163,"Konzipist im Hofbauamt",
842,"Praktikant im Hofbauamt",
832,"Protokollist im Hofbauamt",
1098,"Raitoffizier im Hofbauamt",
825,"Rechnungsconficient im Hofbauamt",
1161,"Rechnungsführer im Hofbauamt",
916,"Registrator im Hofbauamt",
952,"Schreiber im Hofbauamt",
841,"Sekretär im Hofbauamt",
1182,"Sekretär bei der Hofbaukommission",
794,"Second Lieutnant des MD",
867,"Zeichner im Hofbauamt",
834,"Zweiter Amtsschreiber im Hofbauamt",
830,"Actuarius bei der Hofbaukommission",
843,"Türhüter der Hofbaukommission",
829,"Repräsentant der Hofkammer bei der Hofbaukommission",
792,"Capitaine Lieutnant des MD",
799,"Chirurg des MD",
793,"Premier Lieutnant des MD",
795,"Premier Wachtmeister des MD",
800,"Profos des MD",
823,"Rechnungsführer des MD",
797,"Ingrossist der Familiengüter",
796,"Wachtmeister des MD",
466,"HofseilerIn",
745,"HofposamentiererIn",
921,"Ung. Garde Adjutant",
606,"Ung. Garde Auditor",
599,"Ung. Garde Capitaine",
600,"Ung. Garde Capitaine L.",
608,"Ung. Garde Chirurg",
877,"Ung. Garde deutscher Sprachmeister",
970,"Ung. Garde Fechtmeister",
789,"Ung. Garde französ. Sprachmeister",
788,"Ung. Garde Ingenieur",
790,"Ung. Garde italien. Sprachmeister",
605,"Ung. Garde Kaplan",
607,"Ung. Garde Medicus",
601,"Ung. Garde Premier L.",
603,"Ung. Garde Premier Wachtm.",
787,"Ung. Garde Professor",
822,"Ung. Garde Proviantmeister",
609,"Ung. Garde Rechnungsführer",
602,"Ung. Garde Second L.",
604,"Ung. Garde Second Wachtm.",
878,"Ung. Garde Tanzmeister",
1097,"Ung. Garde Zweiter Premier L.",
989,"Praktikant im Obersthofmarschallamt",
179,"WagenmalerIn und -vergolderIn",
1158,"HofziegeldeckerIn",
173,"HofsattlerIn",
817,"HoftischlerIn",
807,"KammervergolderIn",
1023,"HofanstreicherIn",
178,"WagnerIn",
1149,"HofzimmermeisterIn",
